id,unix_timestamp_ms,side,price,quantity
15623787,1764329531484,sell,891.400000,1.200000
15623788,1764329531484,sell,891.400000,1.120000
15623789,1764329531484,sell,891.400000,0.890000
15623790,1764329533676,sell,891.423000,0.520000
15623791,1764329534937,buy,891.408000,0.840000
15623792,1764329536395,sell,891.400000,11.080000
15623793,1764329537061,sell,891.418000,1.580000
15623794,1764329541080,buy,891.350000,1.400000
15623795,1764329544730,sell,891.350000,0.980000
15623796,1764329547326,buy,891.350000,0.960000
15623797,1764329549821,sell,891.300000,6.210000
15623798,1764329549821,sell,891.300000,1.350000
15623799,1764329549821,sell,891.300000,1.400000
15623800,1764329549821,sell,891.300000,2.120000
15623801,1764329549859,sell,891.350000,1.810000
15623802,1764329552038,sell,890.900000,0.010000
15623803,1764329552038,sell,890.900000,5.210000
15623804,1764329554833,buy,890.950000,2.020000
15623805,1764329557193,buy,891.000000,2.980000
15623806,1764329557193,buy,891.000000,4.650000
15623807,1764329557193,buy,891.000000,1.760000
15623808,1764329557193,buy,891.000000,1.690000
15623809,1764329559795,sell,891.050000,0.570000
15623810,1764329560923,buy,891.050000,1.910000
15623811,1764329564510,sell,891.041000,1.920000
15623812,1764329565434,sell,891.000000,1.400000
15623813,1764329565434,sell,891.000000,1.120000
15623814,1764329565434,sell,891.000000,8.570000
15623815,1764329567805,buy,891.014000,2.400000
15623816,1764329571101,buy,891.100000,1.140000
15623817,1764329571101,buy,891.100000,0.110000
15623818,1764329571101,buy,891.200000,9.840000
15623819,1764329572377,sell,891.150000,2.320000
15623820,1764329577058,sell,891.063000,2.370000
15623821,1764329577883,buy,891.100000,0.590000
15623822,1764329581537,buy,891.054000,1.870000
15623823,1764329586192,buy,891.047000,0.730000
15623824,1764329588112,sell,891.031000,0.500000
15623825,1764329589341,buy,891.050000,2.000000
15623826,1764329589468,sell,891.000000,3.230000
15623827,1764329590269,sell,890.900000,5.290000
15623828,1764329590379,sell,890.900000,0.080000
15623829,1764329590666,sell,890.900000,0.010000
15623830,1764329590932,sell,890.900000,0.040000
15623831,1764329590968,sell,890.900000,5.290000
15623832,1764329591610,sell,890.900000,5.330000
15623833,1764329591610,sell,890.900000,0.300000
15623834,1764329592115,sell,890.800000,0.010000
15623835,1764329592115,sell,890.800000,0.130000
15623836,1764329594182,sell,890.950000,1.870000
15623837,1764329598682,buy,890.802000,2.000000
15623838,1764329602941,sell,891.050000,2.170000
15623839,1764329606496,buy,891.100000,3.230000
15623840,1764329607563,buy,891.050000,1.580000
15623841,1764329610884,sell,890.844000,1.280000
15623842,1764329613619,sell,890.750000,1.150000
15623843,1764329616300,buy,890.749000,1.030000
15623844,1764329618624,buy,890.722000,1.400000
15623845,1764329623007,sell,890.750000,1.010000
15623846,1764329625659,buy,890.800000,0.080000
15623847,1764329626896,sell,890.750000,0.660000
15623848,1764329629404,buy,890.750000,0.410000
15623849,1764329631040,sell,890.750000,0.380000
15623850,1764329632547,buy,890.750000,1.170000
15623851,1764329637358,sell,890.850000,0.860000
15623852,1764329637454,buy,890.900000,0.780000
15623853,1764329641399,buy,890.850000,0.690000
15623854,1764329644860,sell,891.250000,0.420000
15623855,1764329646855,sell,891.250000,0.780000
15623856,1764329650546,buy,891.250000,0.360000
15623857,1764329652631,buy,891.250000,0.600000
15623858,1764329656251,sell,891.250000,0.190000
15623859,1764329658086,sell,891.250000,0.270000
15623860,1764329660603,buy,891.250000,0.500000
15623861,1764329662099,buy,891.400000,0.410000
15623862,1764329665479,sell,891.350000,0.120000
15623863,1764329666704,sell,891.450000,0.130000
15623864,1764329667924,sell,891.450000,0.510000
15623865,1764329672923,buy,891.450000,0.640000
15623866,1764329677480,sell,891.250000,0.280000
15623867,1764329679673,sell,891.290000,0.590000
15623868,1764329684160,buy,891.234000,0.620000
15623869,1764329688489,sell,891.150000,0.290000
15623870,1764329690324,buy,891.178000,0.640000
15623871,1764329694429,sell,891.178000,0.420000
15623872,1764329697165,sell,891.178000,0.630000
15623873,1764329701049,buy,891.166000,0.200000
15623874,1764329702284,buy,891.050000,0.730000
15623875,1764329706954,sell,891.250000,0.760000
15623876,1764329707414,buy,891.300000,0.200000
15623877,1764329709775,buy,891.250000,1.000000
15623878,1764329712225,sell,891.000000,1.120000
15623879,1764329712225,sell,891.000000,3.710000
15623880,1764329713522,sell,890.950000,1.050000
15623881,1764329717144,buy,890.967000,1.260000
15623882,1764329720843,sell,890.900000,0.010000
15623883,1764329721190,sell,890.850000,0.570000
15623884,1764329723042,sell,890.850000,1.140000
15623885,1764329725654,sell,890.800000,0.010000
15623886,1764329726722,buy,890.750000,0.880000
8859833,1764329729567,buy,890.767000,1.100000
8859834,1764329732058,sell,890.900000,4.650000
8859835,1764329733170,sell,890.850000,0.660000
8859836,1764329735464,sell,890.850000,1.470000
8859837,1764329740470,buy,890.837000,0.980000
8859838,1764329743815,buy,890.805000,0.340000
8859839,1764329745032,sell,890.950000,0.600000
8859840,1764329747084,buy,890.950000,0.960000
8859841,1764329750544,sell,890.950000,0.670000
8859842,1764329752893,buy,890.950000,0.650000
8859843,1764329754585,buy,891.000000,4.560000
8859844,1764329755154,sell,891.150000,0.870000
8859845,1764329756938,sell,891.100000,0.130000
8859846,1764329758306,buy,891.250000,1.130000
8859847,1764329761844,buy,890.800000,4.170000
8859848,1764329762332,sell,890.850000,1.620000
8859849,1764329765535,buy,890.811000,0.770000
8859850,1764329767556,buy,890.805000,0.800000
8859851,1764329769706,sell,890.807000,1.880000
8859852,1764329774602,buy,890.807000,0.960000
8859853,1764329777216,buy,890.807000,1.260000
8859854,1764329780858,sell,890.807000,1.650000
8859855,1764329785320,buy,890.807000,1.020000
8859856,1764329788100,sell,890.807000,1.480000
8859857,1764329791909,buy,890.807000,0.630000
8859858,1764329793737,buy,890.807000,0.630000
15623898,1764329755154,sell,891.150000,0.870000
15623899,1764329756938,sell,891.100000,0.130000
15623900,1764329758306,buy,891.250000,1.130000
15623901,1764329761844,buy,890.800000,3.710000
15623902,1764329761844,buy,890.800000,0.460000
15623903,1764329762332,sell,890.850000,1.620000
15623904,1764329765535,buy,890.811000,0.770000
15623905,1764329767556,buy,890.805000,0.800000
15623906,1764329769706,sell,890.807000,1.880000
15623907,1764329774602,buy,890.807000,0.960000
15623908,1764329777216,buy,890.807000,1.260000
15623909,1764329780858,sell,890.807000,1.650000
15623910,1764329785320,buy,890.807000,1.020000
15623911,1764329788100,sell,890.807000,1.480000
15623912,1764329791909,buy,890.807000,0.630000
15623913,1764329793737,buy,890.807000,0.630000
15623914,1764329795560,sell,890.801000,0.520000
15623915,1764329797086,buy,890.850000,1.070000
15623916,1764329800205,sell,891.050000,1.470000
15623917,1764329801015,buy,891.200000,0.560000
15623918,1764329804218,buy,891.150000,0.860000
15623919,1764329806561,sell,891.150000,0.830000
15623920,1764329808812,buy,891.150000,1.270000
15623921,1764329812277,sell,891.150000,1.790000
15623922,1764329817144,buy,891.150000,1.360000
15623923,1764329820894,sell,891.017000,0.410000
15623924,1764329823706,buy,890.950000,0.670000
15623925,1764329827089,sell,890.800000,0.010000
15623926,1764329827637,buy,890.700000,0.010000
15623927,1764329828685,sell,890.650000,0.380000
15623928,1764329829916,sell,890.650000,0.650000
15623929,1764329832012,buy,890.650000,1.420000
15623930,1764329836599,sell,890.750000,0.750000
15623931,1764329838941,sell,890.750000,1.630000
15623932,1764329843872,buy,890.703000,1.330000
15623933,1764329846012,sell,890.600000,0.010000
15623934,1764329846568,buy,890.550000,1.180000
15623935,1764329848695,sell,890.550000,2.720000
15623936,1764329853432,buy,890.550000,1.480000
15623937,1764329856004,buy,890.550000,0.920000
15623938,1764329857581,sell,890.550000,1.860000
15623939,1764329860762,buy,890.547000,2.540000
15623940,1764329861513,buy,890.600000,0.040000
15623941,1764329865289,sell,890.550000,0.760000
15623942,1764329866670,sell,890.549000,2.630000
15623943,1764329871288,buy,890.750000,2.890000
15623944,1764329876149,sell,890.750000,2.460000
15623945,1764329880209,buy,890.850000,1.130000
15623946,1764329882152,buy,890.750000,0.640000
15623947,1764329883255,sell,890.750000,0.930000
15623948,1764329884846,buy,890.711000,2.230000
15623949,1764329888595,sell,890.711000,1.360000
15623950,1764329891895,sell,890.850000,1.430000
15623951,1764329895318,buy,891.050000,1.010000
15623952,1764329897749,buy,890.950000,1.580000
15623953,1764329901500,sell,890.950000,1.840000
15623954,1764329905948,buy,890.950000,0.520000
15623955,1764329909239,buy,890.950000,0.600000
15623956,1764329913991,sell,890.950000,0.360000
15623957,1764329917195,sell,890.950000,0.580000
15623958,1764329922147,buy,890.650000,0.570000
15623959,1764329927011,sell,890.646000,0.180000
15623960,1764329928562,buy,890.617000,0.280000
15623961,1764329931280,sell,890.609000,0.170000
15623962,1764329933225,sell,890.609000,0.430000
15623963,1764329937122,buy,890.650000,0.490000
15623964,1764329940260,buy,890.600000,0.340000
15623965,1764329941074,sell,890.542000,0.280000
15623966,1764329942249,sell,890.500000,0.010000
15623967,1764329942893,sell,890.400000,3.940000
15623968,1764329942997,buy,890.450000,0.180000
15623969,1764329944253,sell,890.450000,0.270000
15623970,1764329946180,buy,890.450000,0.210000
15623971,1764329947574,buy,890.450000,0.740000
15623972,1764329950843,sell,890.400000,3.940000
15623973,1764329950867,sell,890.400000,3.940000
15623974,1764329950884,sell,890.400000,3.940000
15623975,1764329952372,sell,890.450000,0.320000
15623976,1764329954580,sell,890.450000,0.430000
15623977,1764329957563,buy,890.450000,0.150000
15623978,1764329958569,sell,890.450000,0.260000
15623979,1764329960385,sell,890.400000,3.940000
15623980,1764329960386,buy,890.450000,0.510000
15623981,1764329960477,sell,890.400000,1.550000
15623982,1764329960477,sell,890.400000,0.110000
15623983,1764329963663,buy,890.400000,0.100000
15623984,1764329963790,sell,890.332000,0.330000
15623985,1764329965949,sell,890.333000,0.310000
15623986,1764329967893,buy,890.332000,0.520000
15623987,1764329968036,sell,890.300000,0.010000
15623988,1764329971098,sell,890.250000,0.910000
15623989,1764329975552,buy,890.250000,0.570000
15623990,1764329978314,buy,890.250000,0.450000
15623991,1764329980544,sell,890.250000,0.910000
15623992,1764329985220,buy,890.250000,0.730000
15623993,1764329988709,sell,890.206000,0.410000
15623994,1764329990671,buy,890.208000,0.620000
15623995,1764329993544,sell,890.208000,0.620000
15623996,1764329996603,sell,890.200000,0.220000
15623997,1764329996615,buy,890.250000,0.450000
8859940,1764329998956,sell,890.250000,0.400000
8859941,1764330000969,buy,890.250000,0.400000
8859942,1764330003253,sell,890.250000,0.330000
8859943,1764330005001,buy,890.250000,0.720000
8859944,1764330008823,sell,890.250000,0.720000
8859945,1764330012568,buy,890.250000,0.650000
8859946,1764330016075,sell,890.250000,0.310000
8859947,1764330017307,sell,890.100000,0.040000
8859948,1764330017757,sell,890.050000,0.810000
8859949,1764330020780,buy,890.050000,0.550000
8859950,1764330020797,buy,890.100000,7.040000
8859951,1764330022834,buy,890.150000,0.760000
8859952,1764330025629,sell,890.250000,1.270000
8859953,1764330028650,sell,890.200000,0.090000
8859954,1764330029274,buy,890.250000,0.440000
8859955,1764330030668,buy,890.250000,0.750000
8859956,1764330033036,sell,890.234000,1.110000
8859957,1764330036494,buy,890.234000,1.480000
8859958,1764330040614,sell,890.550000,1.580000
8859959,1764330044770,buy,890.550000,1.540000
8859960,1764330048879,sell,890.550000,1.860000
8859961,1764330053872,buy,890.650000,1.230000
8859962,1764330057124,sell,890.650000,1.840000
8859963,1764330062068,buy,890.650000,1.610000
8859964,1764330066502,sell,890.601000,1.260000
8859965,1764330070065,buy,890.601000,1.330000
8859966,1764330073930,sell,890.650000,0.620000
8859967,1764330075654,buy,890.650000,1.150000
8859968,1764330078837,sell,890.850000,0.860000
8859969,1764330079208,buy,890.900000,0.050000
8859970,1764330079565,buy,890.900000,7.130000
8859971,1764330079823,buy,890.900000,0.050000
8859972,1764330080383,buy,890.900000,3.560000
8859973,1764330081671,buy,890.850000,1.510000
8859974,1764330086216,sell,890.850000,0.390000
8859975,1764330087851,sell,890.850000,0.950000
8859976,1764330088737,buy,890.900000,7.120000
8859977,1764330089006,buy,890.900000,3.740000
8859978,1764330091747,sell,891.250000,0.680000
8859979,1764330094557,buy,891.250000,0.530000
8859980,1764330096754,buy,891.250000,0.290000
8859981,1764330097040,buy,891.300000,0.220000
8859982,1764330098166,sell,891.207000,0.830000
8859983,1764330102212,buy,891.207000,0.210000
8859984,1764330103341,buy,891.207000,0.420000
8859985,1764330105584,buy,891.207000,0.430000
8859986,1764330107732,sell,891.207000,0.910000
8859987,1764330112385,buy,891.207000,0.390000
8859988,1764330114350,buy,891.207000,0.920000
8859989,1764330119257,sell,891.207000,0.810000
8859990,1764330123605,sell,891.207000,0.780000
8859991,1764330124564,buy,891.300000,0.340000
8859992,1764330127040,buy,891.500000,10.830000
8859993,1764330127764,buy,891.500000,3.610000
8859994,1764330127813,buy,891.450000,0.470000
8859995,1764330129583,buy,891.500000,7.270000
8859996,1764330130205,buy,891.750000,0.450000
8859997,1764330132251,sell,891.750000,1.030000
8859998,1764330135285,buy,891.800000,0.090000
8859999,1764330136503,buy,891.708000,0.460000
8860000,1764330137332,sell,891.700000,0.100000
8860001,1764330137993,buy,891.700000,0.270000
8860002,1764330138332,buy,891.650000,1.030000
8860003,1764330142358,sell,891.650000,0.570000
8860004,1764330145310,sell,891.550000,0.320000
8860005,1764330147019,buy,891.550000,0.330000
8860006,1764330148797,sell,891.550000,0.370000
8860007,1764330150855,buy,891.550000,0.850000
8860008,1764330155188,sell,891.350000,0.470000
8860009,1764330157818,sell,891.350000,0.840000
8860010,1764330162585,buy,891.350000,0.770000
8860011,1764330167092,buy,891.350000,0.680000
8860012,1764330171415,sell,891.350000,0.160000
8860013,1764330172039,sell,891.300000,1.700000
8860014,1764330172544,sell,891.350000,0.370000
8860015,1764330175039,sell,891.250000,0.700000
8860016,1764330179741,buy,891.250000,0.220000
8860017,1764330181276,buy,891.250000,0.290000
8860018,1764330183392,buy,891.150000,0.270000
8860019,1764330185308,sell,891.050000,0.270000
8860020,1764330186463,buy,891.050000,0.320000
8860021,1764330186807,buy,891.100000,1.120000
8860022,1764330187772,sell,891.100000,0.270000
8860023,1764330188854,buy,891.150000,0.700000
8860024,1764330191643,sell,891.150000,0.840000
8860025,1764330195945,buy,891.150000,0.220000
8860026,1764330197166,sell,890.950000,0.520000
8860027,1764330199755,buy,890.950000,0.250000
8860028,1764330200998,buy,890.950000,0.310000
8860029,1764330202589,sell,890.950000,0.230000
8860030,1764330203805,buy,890.950000,1.050000
8860031,1764330208115,sell,890.950000,0.980000
8860032,1764330212123,buy,890.950000,1.010000
8860033,1764330213040,buy,891.000000,0.530000
8860034,1764330216477,sell,891.000000,0.770000
8860035,1764330219718,sell,891.150000,0.910000
8860036,1764330223459,buy,891.142000,0.920000
8860037,1764330227264,sell,891.142000,0.550000
8860038,1764330229570,buy,891.142000,0.540000
8860039,1764330231799,sell,891.142000,0.770000
8860040,1764330234877,buy,891.050000,0.280000
8860041,1764330235998,buy,891.050000,0.350000
8860042,1764330237407,sell,891.050000,1.210000
8860043,1764330242354,buy,891.050000,0.480000
8860044,1764330244318,buy,891.050000,1.060000
8860045,1764330248638,sell,891.150000,0.210000
8860046,1764330250114,sell,891.150000,0.370000
8860047,1764330252699,buy,891.127000,0.860000
8860048,1764330257652,sell,891.127000,0.210000
8860049,1764330258967,sell,891.127000,0.460000
8860050,1764330261909,buy,891.127000,0.300000
8860051,1764330263767,sell,891.127000,0.150000
8860052,1764330264222,buy,891.200000,2.260000
8860053,1764330265196,sell,891.152000,0.420000
8860054,1764330269028,buy,891.152000,0.140000
8860055,1764330270237,buy,891.152000,0.540000
8860056,1764330274894,sell,891.152000,0.500000
8860057,1764330279601,buy,890.950000,0.460000
8860058,1764330283279,sell,890.950000,0.440000
8860059,1764330284340,sell,890.900000,22.570000
8860060,1764330284385,sell,890.800000,8.880000
8860061,1764330284483,sell,890.700000,0.680000
8860062,1764330284496,buy,890.800000,32.740000
8860063,1764330284500,sell,890.700000,0.770000
8860064,1764330284764,sell,890.600000,0.770000
8860065,1764330284925,sell,890.400000,0.420000
8860066,1764330285321,buy,890.500000,0.010000
8860067,1764330286815,buy,890.450000,1.210000
8860068,1764330289821,sell,890.450000,0.590000
8860069,1764330291091,sell,890.450000,2.490000
8860070,1764330295590,buy,890.550000,0.990000
8860071,1764330297367,buy,890.550000,1.420000
8860072,1764330299952,sell,890.508000,1.800000
8860073,1764330303258,buy,890.508000,0.750000
8860074,1764330304600,buy,890.750000,1.880000
8860075,1764330307871,sell,890.750000,1.510000
8860076,1764330310565,buy,890.750000,2.290000
8860077,1764330314619,sell,890.750000,0.730000
8860078,1764330316048,sell,890.750000,2.500000
8860079,1764330319580,buy,890.800000,3.890000
8860080,1764330320494,buy,890.950000,1.580000
8860081,1764330323268,sell,890.950000,2.660000
8860082,1764330327860,buy,890.950000,2.180000
8860083,1764330331341,buy,890.950000,1.720000
8860084,1764330333991,sell,890.950000,1.070000
8860085,1764330335622,sell,890.950000,2.720000
8860086,1764330337653,buy,891.000000,1.120000
8860087,1764330339717,buy,891.050000,2.010000
8860088,1764330340142,buy,891.100000,0.470000
8860089,1764330342289,buy,891.050000,1.630000
8860090,1764330344319,sell,891.050000,1.650000
8860091,1764330346648,buy,891.050000,1.390000
8860092,1764330348998,sell,891.002000,0.690000
8860093,1764330350359,sell,891.007000,1.590000
8860094,1764330353424,buy,891.000000,1.700000
8860095,1764330357407,sell,891.250000,1.380000
8860096,1764330359953,buy,891.250000,0.640000
8860097,1764330361097,buy,891.250000,2.080000
8860098,1764330364826,sell,891.246000,2.090000
8860099,1764330368658,buy,891.230000,1.890000
8860100,1764330369857,sell,891.200000,0.220000
8860101,1764330371944,sell,891.250000,1.250000
8860102,1764330374115,sell,891.250000,2.700000
8860103,1764330378783,buy,891.250000,0.730000
8860104,1764330380107,buy,891.250000,0.640000
8860105,1764330381294,buy,891.250000,2.730000
8860106,1764330386217,sell,891.250000,1.990000
8860107,1764330389225,buy,891.219000,2.840000
8860108,1764330393674,sell,891.350000,2.470000
8860109,1764330397573,sell,891.350000,1.030000
8860110,1764330399753,buy,891.319000,1.270000
8860111,1764330402550,sell,891.319000,0.460000
8860112,1764330403631,sell,891.319000,1.380000
8860113,1764330407364,buy,891.315000,0.780000
8860114,1764330409448,buy,891.312000,0.600000
8860115,1764330411070,sell,891.312000,1.790000
8860116,1764330415800,buy,891.450000,0.460000
8860117,1764330417461,buy,891.450000,1.300000
8860118,1764330422030,sell,891.350000,0.960000
8860119,1764330425266,buy,891.384000,0.940000
8860120,1764330428483,sell,891.384000,0.400000
8860121,1764330429855,buy,891.384000,0.990000
8860122,1764330433236,sell,891.382000,0.520000
8860123,1764330434889,sell,891.380000,0.640000
8860124,1764330436902,buy,891.378000,0.320000
8860125,1764330437925,buy,891.377000,1.430000
8860126,1764330442600,sell,891.366000,1.400000
8860127,1764330447305,buy,891.150000,0.250000
8860128,1764330448540,sell,891.150000,0.590000
8860129,1764330451451,buy,891.250000,0.890000
8860130,1764330456138,sell,891.249000,0.970000
8860131,1764330461015,buy,891.249000,0.290000
8860132,1764330462484,buy,891.249000,0.240000
8860133,1764330463739,buy,891.249000,0.780000
8860134,1764330467626,sell,891.150000,0.380000
8860135,1764330469691,sell,891.183000,0.390000
8860136,1764330471608,buy,891.172000,0.260000
8860137,1764330472859,sell,891.180000,0.690000
8860138,1764330476432,buy,891.180000,0.670000
8860139,1764330480188,sell,891.176000,0.460000
8860140,1764330482758,buy,891.172000,0.470000
8860141,1764330485806,sell,891.170000,0.640000
8860142,1764330490231,buy,891.170000,0.680000
8860143,1764330494896,sell,891.169000,0.520000
8860144,1764330499220,buy,891.250000,0.490000
8860145,1764330503161,sell,891.150000,0.570000
8860146,1764330506495,buy,891.150000,0.260000
8860147,1764330507944,buy,891.150000,0.600000
8860148,1764330512187,sell,891.150000,0.450000
8860149,1764330515630,sell,891.150000,0.470000
8860150,1764330519509,buy,891.150000,0.400000
8860151,1764330523009,sell,891.150000,0.480000
8860152,1764330526349,buy,891.131000,0.670000
8860153,1764330531054,sell,891.129000,0.320000
8860154,1764330532146,buy,891.200000,0.010000
8860155,1764330533280,buy,891.130000,0.220000
8860156,1764330534769,sell,891.130000,0.510000
8860157,1764330538179,buy,891.130000,0.410000
8860158,1764330540422,buy,891.200000,0.010000
8860159,1764330540815,buy,891.130000,0.350000
8860160,1764330542999,sell,891.250000,0.800000
8860161,1764330547917,buy,891.206000,0.580000
8860162,1764330551208,sell,891.206000,0.630000
8860163,1764330554994,buy,891.206000,0.240000
8860164,1764330556248,buy,891.206000,0.480000
8860165,1764330558772,sell,891.206000,0.530000
8860166,1764330561574,buy,891.050000,0.640000
8860167,1764330565062,sell,891.050000,0.840000
8860168,1764330569505,buy,891.050000,1.260000
8860169,1764330574347,sell,891.050000,1.260000
8860170,1764330579057,buy,891.050000,0.460000
8860171,1764330580776,buy,891.050000,0.630000
8860172,1764330583165,sell,891.050000,0.450000
8860173,1764330584982,sell,891.050000,0.540000
8860174,1764330587151,buy,891.050000,0.480000
8860175,1764330589096,sell,891.050000,1.220000
8860176,1764330593829,buy,891.150000,1.290000
8860177,1764330595777,sell,891.104000,0.740000
8860178,1764330596917,buy,891.122000,2.210000
8860179,1764330599846,buy,891.500000,0.960000
8860180,1764330600243,buy,891.500000,0.010000
8860181,1764330600280,sell,891.450000,1.990000
8860182,1764330602322,buy,891.450000,3.480000
8860183,1764330605774,sell,891.407000,4.000000
8860184,1764330609546,buy,891.350000,2.080000
8860185,1764330611473,sell,891.369000,2.440000
8860186,1764330613108,sell,891.300000,0.110000
8860187,1764330613727,buy,891.363000,1.850000
8860188,1764330615405,sell,891.365000,2.000000
8860189,1764330617304,buy,891.365000,4.860000
8860190,1764330618781,sell,891.300000,0.410000
8860191,1764330621876,sell,891.300000,3.810000
8860192,1764330625563,buy,891.300000,1.510000
8860193,1764330627046,sell,891.450000,2.670000
8860194,1764330629734,buy,891.450000,3.660000
8860195,1764330633355,sell,891.450000,2.700000
8860196,1764330635935,buy,891.450000,1.740000
8860197,1764330637565,sell,891.450000,2.780000
8860198,1764330640075,buy,891.450000,1.180000
8860199,1764330641184,buy,891.450000,5.390000
8860200,1764330645941,sell,891.450000,3.830000
8860201,1764330649131,sell,891.450000,4.270000
8860202,1764330652161,buy,891.500000,2.620000
8860203,1764330652686,buy,891.450000,2.030000
8860204,1764330654858,buy,891.450000,4.330000
8860205,1764330658546,buy,891.500000,0.010000
8860206,1764330659495,sell,891.467000,3.210000
8860207,1764330662641,sell,891.467000,2.100000
8860208,1764330663939,buy,891.500000,0.010000
8860209,1764330664504,buy,891.500000,17.650000
8860210,1764330665868,buy,891.650000,2.940000
8860211,1764330666551,buy,891.700000,0.050000
8860212,1764330668324,buy,891.700000,0.530000
8860213,1764330670730,sell,891.700000,1.420000
8860214,1764330673176,buy,891.700000,1.300000
8860215,1764330675414,sell,891.700000,2.920000
8860216,1764330680169,buy,891.700000,2.120000
8860217,1764330683592,buy,891.700000,0.710000
8860218,1764330684744,sell,891.700000,2.870000
8860219,1764330689237,buy,891.700000,0.990000
8860220,1764330690901,buy,891.700000,0.830000
8860221,1764330692292,buy,891.700000,1.590000
8860222,1764330694965,sell,891.700000,1.360000
8860223,1764330697367,buy,891.700000,2.700000
8860224,1764330701764,sell,891.700000,0.790000
8860225,1764330703100,sell,891.700000,1.740000
8860226,1764330706413,buy,891.700000,2.610000
8860227,1764330711333,sell,891.450000,1.810000
8860228,1764330713308,sell,891.450000,3.500000
8860229,1764330718063,buy,891.450000,1.100000
8860230,1764330719568,buy,891.450000,3.210000
8860231,1764330720682,sell,891.400000,6.260000
8860232,1764330724275,sell,891.050000,1.230000
8860233,1764330725995,sell,891.050000,2.650000
8860234,1764330729617,buy,891.050000,1.280000
8860235,1764330731335,buy,891.050000,2.950000
8860236,1764330735238,sell,891.050000,2.440000
8860237,1764330738581,buy,891.050000,1.980000
8860238,1764330741172,sell,891.050000,1.990000
8860239,1764330743441,buy,891.050000,3.470000
8860240,1764330744546,sell,890.900000,0.070000
8860241,1764330744771,sell,890.900000,3.230000
8860242,1764330747304,sell,890.900000,2.090000
8860243,1764330749313,sell,890.950000,3.410000
8860244,1764330750708,sell,890.900000,7.600000
8860245,1764330750811,sell,890.900000,10.620000
8860246,1764330751499,sell,890.700000,0.010000
8860247,1764330752552,buy,890.650000,3.860000
8860248,1764330756056,sell,890.550000,3.190000
8860249,1764330759152,buy,890.550000,4.010000
8860250,1764330763029,sell,890.550000,4.490000
8860251,1764330767337,buy,890.550000,4.630000
8860252,1764330772036,sell,890.650000,1.970000
8860253,1764330775079,sell,890.650000,1.550000
8860254,1764330777256,buy,890.750000,2.840000
8860255,1764330781069,sell,890.671000,0.860000
8860256,1764330782184,sell,890.689000,3.070000
8860257,1764330786235,buy,890.678000,1.560000
8860258,1764330788119,buy,890.634000,4.020000
8860259,1764330792999,sell,890.850000,3.320000
8860260,1764330796911,buy,890.850000,1.690000
8860261,1764330798935,sell,890.850000,3.520000
8860262,1764330803140,buy,890.850000,1.870000
8860263,1764330805866,buy,891.050000,2.470000
8860264,1764330810840,sell,891.050000,2.690000
8860265,1764330815603,buy,891.050000,1.520000
8860266,1764330818297,sell,891.050000,1.920000
8860267,1764330821584,buy,891.050000,2.720000
8860268,1764330826307,sell,891.050000,1.520000
8860269,1764330828988,sell,891.050000,1.000000
8860270,1764330830743,buy,891.050000,2.540000
8860271,1764330834937,sell,891.050000,1.570000
8860272,1764330837566,sell,891.050000,1.080000
8860273,1764330839895,buy,891.050000,2.000000
8860274,1764330844406,sell,891.050000,0.500000
8860275,1764330845870,sell,891.050000,0.420000
8860276,1764330847180,sell,891.350000,1.510000
8860277,1764330850238,buy,891.450000,1.090000
8860278,1764330852024,sell,891.450000,2.030000
8860279,1764330854942,buy,891.450000,0.820000
8860280,1764330856127,buy,891.450000,1.870000
8860281,1764330858816,sell,891.450000,2.600000
8860282,1764330861373,buy,891.500000,9.720000
8860283,1764330862239,buy,891.500000,6.480000
8860284,1764330862351,buy,891.500000,3.240000
8860285,1764330862568,buy,891.450000,3.160000
8860286,1764330862816,buy,891.500000,0.340000
8860287,1764330862965,buy,891.500000,0.070000
8860288,1764330863102,buy,891.500000,0.020000
8860289,1764330865775,sell,891.450000,1.800000
8860290,1764330867512,buy,891.411000,1.720000
8860291,1764330869145,sell,891.424000,2.900000
8860292,1764330872295,buy,891.424000,1.710000
8860293,1764330874149,sell,891.424000,1.320000
8860294,1764330875572,buy,891.424000,2.300000
8860295,1764330876452,buy,891.500000,0.010000
8860296,1764330878069,sell,891.450000,1.210000
8860297,1764330879415,buy,891.500000,4.180000
8860298,1764330884036,sell,891.500000,1.340000
8860299,1764330885504,sell,891.500000,3.950000
8860300,1764330889801,buy,891.500000,2.620000
8860301,1764330892688,sell,891.500000,2.500000
8860302,1764330895470,buy,891.482000,2.800000
8860303,1764330897432,buy,891.500000,0.280000
8860304,1764330898596,sell,891.462000,3.100000
8860305,1764330902024,buy,891.461000,1.260000
8860306,1764330902853,buy,891.500000,0.010000
8860307,1764330903419,buy,891.460000,3.960000
8860308,1764330907747,sell,891.460000,3.500000
8860309,1764330909308,buy,891.500000,0.180000
8860310,1764330912439,sell,891.500000,2.460000
8860311,1764330917451,buy,891.500000,1.300000
8860312,1764330920045,buy,891.500000,1.800000
8860313,1764330921217,buy,891.500000,0.020000
8860314,1764330921501,buy,891.500000,0.030000
8860315,1764330922454,buy,891.500000,0.850000
8860316,1764330923804,sell,891.750000,1.150000
8860317,1764330928733,buy,891.850000,1.670000
8860318,1764330932424,sell,891.850000,1.140000
8860319,1764330935114,sell,891.850000,0.590000
8860320,1764330936506,buy,891.850000,1.660000
8860321,1764330940408,sell,891.850000,0.860000
8860322,1764330942160,sell,891.850000,1.900000
8860323,1764330946025,buy,891.850000,1.620000
8860324,1764330949354,sell,891.850000,2.370000
8860325,1764330954024,buy,891.850000,0.580000
8860326,1764330955206,buy,891.850000,2.170000
8860327,1764330959457,sell,891.850000,1.190000
8860328,1764330960909,buy,891.900000,0.120000
8860329,1764330961581,buy,891.950000,2.870000
8860330,1764330962743,buy,892.000000,0.560000
8860331,1764330964270,buy,892.100000,22.400000
8860332,1764330965823,sell,892.150000,2.570000
8860333,1764330969080,buy,892.120000,3.330000
8860334,1764330973003,sell,892.120000,4.040000
8860335,1764330973875,sell,892.100000,0.030000
8860336,1764330977822,buy,892.100000,1.040000
8860337,1764330979073,sell,892.100000,4.080000
8860338,1764330981231,sell,892.100000,6.820000
8860339,1764330983911,buy,892.100000,2.630000
8860340,1764330987208,buy,892.100000,1.890000
8860341,1764330990427,sell,892.100000,2.480000
8860342,1764330994737,buy,892.100000,2.210000
8860343,1764330998566,sell,892.100000,0.660000
8860344,1764330999871,buy,892.100000,0.990000
8860345,1764331001817,sell,892.100000,1.260000
8860346,1764331004306,buy,892.100000,1.260000
8860347,1764331006796,sell,892.100000,0.620000
8860348,1764331008007,buy,892.100000,2.100000
8860349,1764331012184,sell,892.100000,2.250000
8860350,1764331017001,buy,892.100000,0.930000
8860351,1764331019331,sell,892.100000,3.060000
8860352,1764331019536,buy,892.200000,0.120000
8860353,1764331023272,buy,892.350000,1.260000
8860354,1764331024924,buy,892.350000,2.700000
8860355,1764331028740,sell,892.350000,3.000000
8860356,1764331028888,buy,892.400000,0.010000
8860357,1764331032977,buy,892.400000,1.640000
8860358,1764331035392,sell,892.400000,3.160000
8860359,1764331039998,buy,892.400000,2.290000
8860360,1764331041780,buy,892.500000,1.340000
8860361,1764331043252,buy,892.550000,2.480000
8860362,1764331046770,sell,892.545000,1.150000
8860363,1764331048478,sell,892.549000,2.350000
8860364,1764331050298,buy,892.600000,0.590000
8860365,1764331052009,buy,892.650000,1.230000
8860366,1764331053787,buy,892.601000,2.280000
8860367,1764331057087,sell,892.601000,2.040000
8860368,1764331060032,buy,892.601000,3.150000
8860369,1764331064520,sell,892.601000,3.650000
8860370,1764331068683,buy,892.601000,4.380000
8860371,1764331073717,sell,892.601000,1.810000
8860372,1764331075673,sell,892.601000,2.090000
8860373,1764331077863,buy,892.601000,2.920000
8860374,1764331080990,sell,892.601000,2.240000
8860375,1764331085493,sell,892.601000,1.420000
8860376,1764331088597,buy,892.601000,1.680000
8860377,1764331092370,sell,892.601000,1.480000
8860378,1764331095696,buy,892.601000,2.030000
8860379,1764331099575,sell,892.601000,0.690000
8860380,1764331100802,sell,892.601000,2.190000
8860381,1764331104607,buy,892.601000,2.210000
8860382,1764331107663,buy,892.700000,0.410000
8860383,1764331108546,sell,892.634000,2.710000
8860384,1764331113435,buy,892.634000,2.370000
8860385,1764331116789,sell,892.600000,9.990000
8860386,1764331117448,sell,892.550000,2.130000
8860387,1764331120684,buy,892.550000,0.700000
8860388,1764331122044,buy,892.550000,1.660000
8860389,1764331125398,sell,892.550000,2.440000
8860390,1764331130353,buy,892.650000,0.820000
8860391,1764331132196,buy,892.650000,2.180000
8860392,1764331132791,buy,892.700000,0.750000
8860393,1764331137095,sell,892.650000,1.510000
8860394,1764331140644,buy,892.650000,1.290000
8860395,1764331143778,sell,892.571000,1.880000
8860396,1764331147965,buy,892.508000,0.720000
8860397,1764331149553,buy,892.550000,0.940000
8860398,1764331150112,sell,892.500000,3.350000
8860399,1764331151696,sell,892.476000,1.660000
8860400,1764331155445,buy,892.471000,0.460000
8860401,1764331156822,buy,892.466000,1.350000
8860402,1764331160897,sell,892.456000,1.290000
8860403,1764331165890,buy,892.350000,0.820000
8860404,1764331168621,sell,892.350000,1.140000
8860405,1764331172465,buy,892.450000,0.530000
8860406,1764331174490,buy,892.450000,0.540000
8860407,1764331176529,sell,892.408000,1.100000
8860408,1764331181492,buy,892.450000,0.900000
8860409,1764331186465,sell,892.250000,0.250000
8860410,1764331187734,buy,892.250000,0.440000
8860411,1764331189979,sell,892.250000,0.760000
8860412,1764331193923,buy,892.225000,0.870000
8860413,1764331198472,sell,892.215000,0.760000
8860414,1764331200199,sell,892.100000,0.070000
8860415,1764331200771,sell,892.100000,0.030000
8860416,1764331202276,buy,891.950000,0.360000
8860417,1764331203689,buy,892.000000,0.100000
8860418,1764331204009,buy,892.100000,1.010000
8860419,1764331207474,sell,891.850000,2.080000
8860420,1764331207761,sell,891.800000,0.070000
8860421,1764331207992,buy,891.900000,0.050000
8860422,1764331212292,buy,891.849000,2.270000
8860423,1764331217077,sell,891.950000,1.700000
8860424,1764331219806,buy,892.000000,3.100000
8860425,1764331220578,buy,892.050000,2.100000
8860426,1764331224789,sell,891.950000,0.570000
8860427,1764331225983,sell,891.849000,0.810000
8860428,1764331227720,sell,891.850000,1.870000
8860429,1764331231665,buy,891.820000,1.370000
8860430,1764331234682,buy,891.850000,1.450000
8860431,1764331237895,sell,892.150000,0.690000
8860432,1764331239338,sell,892.150000,0.710000
8860433,1764331240853,buy,892.150000,0.490000
8860434,1764331241967,sell,892.150000,1.330000
8860435,1764331245008,buy,892.150000,1.020000
8860436,1764331247352,buy,892.150000,1.940000
8860437,1764331247727,buy,892.200000,0.100000
8860438,1764331251826,sell,892.150000,2.060000
8860439,1764331252417,sell,892.100000,0.090000
8860440,1764331256577,buy,892.250000,1.050000
8860441,1764331258851,sell,892.250000,1.080000
8860442,1764331261238,buy,892.250000,1.700000
8860443,1764331265371,sell,892.114000,0.450000
8860444,1764331266750,buy,892.200000,0.210000
8860445,1764331266926,sell,892.114000,0.500000
8860446,1764331269434,sell,892.150000,0.180000
8860447,1764331270117,buy,892.200000,0.270000
8860448,1764331270486,sell,892.150000,0.590000
8860449,1764331273891,buy,892.030000,0.720000
8860450,1764331277713,sell,892.150000,0.770000
8860451,1764331281752,buy,892.035000,0.420000
8860452,1764331284089,sell,892.052000,0.750000
8860453,1764331288294,buy,891.950000,0.430000
8860454,1764331289797,buy,891.997000,0.620000
8860455,1764331291996,sell,891.943000,0.390000
8860456,1764331293455,buy,891.907000,0.390000
8860457,1764331294878,sell,891.908000,0.450000
8860458,1764331296523,buy,891.908000,0.310000
8860459,1764331297654,sell,891.908000,0.840000
8860460,1764331300915,buy,891.908000,1.010000
8860461,1764331304768,sell,892.050000,0.870000
8860462,1764331307892,buy,892.050000,0.530000
8860463,1764331309774,sell,892.050000,0.970000
8860464,1764331313271,buy,891.950000,0.490000
8860465,1764331315215,buy,891.950000,0.950000
8860466,1764331315618,sell,891.900000,0.030000
8860467,1764331319141,sell,891.950000,0.960000
8860468,1764331319273,buy,892.000000,0.100000
8860469,1764331323135,buy,892.050000,1.000000
8860470,1764331324038,sell,892.000000,0.070000
8860471,1764331327038,sell,892.150000,0.900000
8860472,1764331330598,buy,892.150000,0.320000
8860473,1764331331909,sell,892.150000,0.900000
8860474,1764331335873,buy,892.250000,0.590000
8860475,1764331338521,buy,892.250000,0.750000
8860476,1764331342044,sell,892.350000,0.600000
8860477,1764331344784,buy,892.350000,0.800000
8860478,1764331346570,buy,892.400000,5.510000
8860479,1764331348147,sell,892.350000,0.680000
8860480,1764331350723,buy,892.500000,2.730000
8860481,1764331353156,buy,892.550000,0.790000
8860482,1764331355297,buy,892.700000,1.140000
8860483,1764331357772,sell,892.650000,1.590000
8860484,1764331360160,buy,892.700000,2.840000
8860485,1764331361733,buy,892.667000,1.080000
8860486,1764331364235,sell,892.667000,1.120000
8860487,1764331366875,buy,892.667000,1.080000
8860488,1764331369484,sell,892.667000,1.030000
8860489,1764331371862,buy,892.667000,0.520000
8860490,1764331373032,buy,892.667000,1.310000
8860491,1764331375837,sell,892.667000,1.520000
8860492,1764331379085,buy,892.667000,1.420000
8860493,1764331382009,sell,892.550000,1.510000
8860494,1764331385238,buy,892.567000,2.060000
8860495,1764331389688,sell,892.567000,2.080000
8860496,1764331394277,buy,892.563000,2.040000
8860497,1764331395242,buy,892.700000,2.790000
8860498,1764331398762,sell,892.650000,1.560000
8860499,1764331402165,buy,892.650000,1.020000
8860500,1764331404358,sell,892.650000,0.710000
8860501,1764331406006,sell,892.650000,1.010000
8860502,1764331408291,buy,892.650000,0.910000
8860503,1764331410472,sell,892.650000,0.720000
8860504,1764331412255,buy,892.650000,1.190000
8860505,1764331413138,buy,892.700000,14.440000
8860506,1764331413202,buy,892.800000,0.140000
8860507,1764331413512,buy,892.800000,0.030000
8860508,1764331415268,buy,892.800000,9.110000
8860509,1764331415275,buy,893.000000,6.320000
8860510,1764331415319,buy,893.100000,0.520000
8860511,1764331415406,sell,893.150000,1.130000
8860512,1764331415476,buy,893.200000,0.010000
8860513,1764331415476,buy,893.300000,2.250000
8860514,1764331416338,buy,893.300000,0.140000
8860515,1764331419518,buy,893.250000,0.580000
8860516,1764331421229,buy,893.200000,1.550000
8860517,1764331422552,buy,893.200000,0.090000
8860518,1764331426154,sell,892.950000,0.470000
8860519,1764331427538,sell,892.950000,0.930000
8860520,1764331430225,sell,892.950000,0.490000
8860521,1764331431705,buy,892.950000,1.140000
8860522,1764331435200,sell,892.950000,0.630000
8860523,1764331437225,sell,892.950000,0.850000
8860524,1764331439174,sell,892.900000,0.710000
8860525,1764331440109,buy,892.750000,0.560000
8860526,1764331441952,buy,892.750000,1.280000
8860527,1764331446128,sell,892.850000,1.540000
8860528,1764331450493,buy,892.850000,1.730000
8860529,1764331455404,sell,892.950000,1.750000
8860530,1764331459261,buy,893.000000,2.500000
8860531,1764331459261,buy,893.100000,3.580000
8860532,1764331460352,buy,893.050000,1.500000
8860533,1764331464577,sell,893.050000,1.400000
8860534,1764331468509,buy,893.050000,0.860000
8860535,1764331470953,sell,893.002000,0.910000
8860536,1764331473680,buy,892.950000,1.420000
8860537,1764331477521,sell,892.850000,0.330000
8860538,1764331478988,sell,892.750000,0.410000
8860539,1764331480712,sell,892.750000,1.120000
8860540,1764331485686,buy,892.650000,0.400000
8860541,1764331486956,buy,892.650000,0.980000
8860542,1764331490030,sell,892.650000,1.180000
8860543,1764331493780,buy,892.650000,0.830000
8860544,1764331496579,sell,892.650000,0.440000
8860545,1764331498032,buy,892.650000,0.740000
8860546,1764331500469,sell,892.650000,0.420000
8860547,1764331501923,sell,892.650000,1.490000
8860548,1764331506912,buy,892.650000,0.690000
8860549,1764331509246,buy,892.650000,1.080000
8860550,1764331512806,sell,892.650000,0.510000
8860551,1764331514476,buy,892.650000,0.720000
8860552,1764331516798,sell,892.450000,1.550000
8860553,1764331521091,buy,892.150000,1.000000
8860554,1764331523625,sell,892.150000,1.500000
8860555,1764331527111,buy,892.250000,2.420000
8860556,1764331531612,sell,892.236000,1.970000
8860557,1764331535116,buy,892.232000,2.260000
8860558,1764331539038,sell,892.230000,0.720000
8860559,1764331540338,sell,892.231000,2.470000
8860560,1764331544794,buy,892.450000,2.150000
8860561,1764331547639,buy,892.500000,0.110000
8860562,1764331549777,sell,892.450000,0.910000
8860563,1764331551870,buy,892.410000,2.190000
8860564,1764331556738,sell,892.410000,2.230000
8860565,1764331561676,buy,892.410000,2.050000
8860566,1764331566159,sell,892.410000,0.520000
8860567,1764331567344,sell,892.410000,1.300000
8860568,1764331570296,buy,892.410000,0.790000
8860569,1764331572079,sell,892.410000,1.540000
8860570,1764331575733,buy,892.410000,2.020000
8860571,1764331580071,sell,892.410000,1.320000
8860572,1764331583313,buy,892.402000,1.590000
8860573,1764331587667,sell,892.450000,0.920000
8860574,1764331591186,sell,892.405000,0.970000
8860575,1764331594446,buy,892.450000,0.640000
8860576,1764331597003,buy,892.450000,0.810000
8860577,1764331599871,sell,892.450000,0.370000
8860578,1764331601158,sell,892.450000,0.820000
8860579,1764331603967,buy,892.450000,0.420000
8860580,1764331605408,buy,892.450000,0.780000
8860581,1764331608049,sell,892.418000,1.170000
8860582,1764331612045,buy,892.450000,1.220000
8860583,1764331616204,sell,892.450000,1.000000
8860584,1764331619559,buy,892.550000,1.130000
8860585,1764331623384,sell,892.350000,1.390000
8860586,1764331627102,buy,892.250000,1.360000
8860587,1764331630564,sell,892.235000,1.160000
8860588,1764331633481,buy,892.235000,1.620000
8860589,1764331637633,sell,892.450000,0.540000
8860590,1764331639397,sell,892.450000,0.850000
8860591,1764331642195,buy,892.650000,1.550000
8860592,1764331645164,sell,892.650000,2.150000
8860593,1764331649528,buy,892.650000,1.970000
8860594,1764331653290,sell,892.650000,1.980000
8860595,1764331657024,buy,892.850000,0.780000
8860596,1764331658522,buy,892.850000,2.620000
8860597,1764331663389,sell,892.850000,1.920000
8860598,1764331666638,sell,892.850000,2.270000
8860599,1764331670540,buy,893.250000,1.720000
8860600,1764331673104,sell,893.250000,0.780000
8860601,1764331674066,buy,893.300000,2.590000
8860602,1764331674167,buy,893.300000,0.170000
8860603,1764331674171,buy,893.250000,1.820000
8860604,1764331676605,sell,893.250000,3.560000
8860605,1764331681348,buy,893.250000,2.600000
8860606,1764331684109,sell,893.250000,1.870000
8860607,1764331686117,buy,893.250000,4.640000
8860608,1764331691044,sell,893.250000,5.000000
8860609,1764331695424,buy,893.250000,5.410000
8860610,1764331700076,sell,893.050000,7.290000
8860611,1764331702957,sell,892.700000,0.220000
8860612,1764331705036,buy,892.750000,3.010000
8860613,1764331707445,buy,892.734000,2.210000
8860614,1764331709298,sell,892.740000,3.910000
8860615,1764331712521,buy,892.740000,1.380000
8860616,1764331713683,buy,892.740000,2.450000
8860617,1764331715620,buy,892.800000,0.020000
8860618,1764331715734,sell,892.740000,3.360000
8860619,1764331718508,buy,892.740000,5.620000
8860620,1764331720585,sell,892.700000,7.110000
8860621,1764331723250,sell,892.700000,2.950000
8860622,1764331725669,sell,892.700000,6.020000
8860623,1764331730564,buy,892.750000,5.070000
8860624,1764331734843,buy,892.850000,1.640000
8860625,1764331736278,sell,892.850000,2.760000
8860626,1764331738712,buy,892.809000,4.130000
8860627,1764331742081,sell,892.650000,2.120000
8860628,1764331744244,sell,892.650000,1.230000
8860629,1764331745514,buy,892.650000,1.010000
8860630,1764331746579,sell,892.650000,3.250000
8860631,1764331749945,buy,892.750000,1.230000
8860632,1764331751423,buy,892.750000,1.260000
8860633,1764331752908,buy,892.750000,3.240000
8860634,1764331756841,sell,892.650000,1.390000
8860635,1764331759062,sell,892.684000,0.870000
8860636,1764331760306,sell,892.600000,0.550000
8860637,1764331760661,sell,892.656000,1.650000
8860638,1764331763730,buy,892.656000,1.550000
8860639,1764331766638,sell,892.655000,1.060000
8860640,1764331768627,buy,892.647000,1.660000
8860641,1764331771744,sell,892.550000,1.530000
8860642,1764331774510,buy,892.550000,1.220000
8860643,1764331776703,sell,892.550000,2.030000
8860644,1764331780328,buy,892.550000,2.420000
8860645,1764331784758,sell,892.550000,0.670000
8860646,1764331785242,buy,892.600000,0.190000
8860647,1764331786259,sell,892.450000,1.720000
8860648,1764331788888,buy,892.500000,2.280000
8860649,1764331792727,sell,892.350000,1.620000
8860650,1764331795525,buy,892.350000,2.280000
8860651,1764331799413,sell,892.350000,2.150000
8860652,1764331803526,buy,892.349000,0.820000
8860653,1764331805226,sell,892.347000,2.390000
8860654,1764331810116,buy,892.150000,1.700000
8860655,1764331813592,buy,892.300000,2.850000
8860656,1764331814250,buy,892.350000,1.520000
8860657,1764331817081,sell,892.300000,0.560000
8860658,1764331817962,sell,892.350000,1.050000
8860659,1764331820750,sell,892.350000,1.240000
8860660,1764331824067,buy,892.350000,0.840000
8860661,1764331826238,buy,892.317000,1.160000
8860662,1764331829274,sell,892.322000,1.170000
8860663,1764331832478,buy,892.321000,0.780000
8860664,1764331834619,sell,892.322000,1.290000
8860665,1764331837438,buy,892.500000,0.950000
8860666,1764331838213,buy,892.550000,1.100000
8860667,1764331840008,sell,892.550000,3.210000
8860668,1764331844818,buy,892.451000,1.300000
8860669,1764331846801,buy,892.452000,1.690000
8860670,1764331850271,sell,892.450000,0.900000
8860671,1764331852108,buy,892.450000,2.040000
8860672,1764331856326,sell,892.410000,0.550000
8860673,1764331857511,sell,892.408000,1.690000
8860674,1764331861182,buy,892.408000,0.570000
8860675,1764331862475,buy,892.350000,2.110000
8860676,1764331867200,sell,892.350000,1.020000
8860677,1764331869454,sell,892.350000,1.350000
8860678,1764331872723,buy,892.350000,1.990000
8860679,1764331877656,sell,892.350000,1.000000
8860680,1764331880269,sell,892.350000,1.520000
8860681,1764331884265,buy,892.350000,1.440000
8860682,1764331887945,sell,892.350000,0.750000
8860683,1764331889552,sell,892.100000,0.210000
8860684,1764331889888,buy,892.150000,1.030000
8860685,1764331892496,sell,892.150000,0.560000
8860686,1764331893955,buy,892.150000,1.700000
8860687,1764331898249,sell,892.150000,0.280000
8860688,1764331899844,sell,892.150000,0.480000
8860689,1764331903040,sell,892.150000,0.390000
8860690,1764331905717,sell,892.150000,0.320000
8860691,1764331907860,sell,892.150000,0.570000
8860692,1764331911764,buy,892.143000,0.650000
8860693,1764331916284,sell,892.128000,0.450000
8860694,1764331919475,buy,892.129000,0.330000
8860695,1764331921817,sell,892.128000,0.540000
8860696,1764331925749,buy,892.127000,0.240000
8860697,1764331927482,buy,892.123000,0.230000
8860698,1764331928523,sell,892.100000,8.070000
8860699,1764331929055,sell,892.118000,0.200000
8860700,1764331929172,sell,892.100000,2.690000
8860701,1764331930168,buy,892.113000,0.600000
8860702,1764331933128,sell,892.100000,2.870000
8860703,1764331933558,sell,892.150000,0.330000
8860704,1764331935461,sell,892.150000,0.810000
8860705,1764331940113,buy,892.150000,0.770000
8860706,1764331944704,sell,892.150000,0.410000
8860707,1764331947463,buy,892.150000,0.490000
8860708,1764331950263,sell,892.150000,0.210000
8860709,1764331951517,buy,892.150000,0.340000
8860710,1764331953614,sell,892.150000,0.750000
8860711,1764331958484,buy,892.150000,0.510000
8860712,1764331962071,sell,892.150000,0.260000
8860713,1764331964297,buy,892.150000,0.240000
8860714,1764331966505,buy,892.150000,0.370000
8860715,1764331969915,sell,892.150000,0.480000
8860716,1764331973231,buy,892.114000,0.700000
8860717,1764331975589,sell,892.117000,0.650000
8860718,1764331977798,buy,892.115000,1.260000
8860719,1764331982077,sell,892.250000,0.380000
8860720,1764331983378,sell,892.250000,0.400000
8860721,1764331984776,sell,892.250000,0.550000
8860722,1764331986667,buy,892.211000,0.380000
8860723,1764331987951,sell,892.209000,0.380000
8860724,1764331989262,buy,892.209000,0.410000
8860725,1764331990884,sell,892.209000,0.490000
8860726,1764331992842,buy,892.250000,0.640000
8860727,1764331995195,sell,892.250000,1.040000
8860728,1764331998934,buy,892.250000,1.230000
8860729,1764332003432,sell,892.250000,0.360000
8860730,1764332004813,sell,892.250000,0.590000
8860731,1764332006975,buy,892.250000,0.660000
8860732,1764332009670,sell,892.250000,0.770000
8860733,1764332012852,buy,892.250000,0.810000
8860734,1764332016200,sell,892.250000,0.890000
8860735,1764332019887,buy,892.250000,0.470000
8860736,1764332021961,buy,892.250000,0.620000
8860737,1764332022822,sell,892.100000,7.860000
8860738,1764332022950,sell,891.900000,0.040000
8860739,1764332022950,sell,891.800000,2.430000
8860740,1764332023721,buy,891.800000,0.010000
8860741,1764332024543,sell,891.750000,1.690000
8860742,1764332028025,sell,891.700000,0.100000
8860743,1764332028052,buy,891.550000,1.950000
8860744,1764332032147,sell,891.550000,1.450000
8860745,1764332035746,buy,891.550000,1.320000
8860746,1764332039413,sell,891.550000,0.570000
8860747,1764332040988,sell,891.550000,1.560000
8860748,1764332045257,buy,891.547000,0.810000
8860749,1764332047548,buy,891.540000,1.230000
8860750,1764332051016,sell,891.650000,1.320000
8860751,1764332054524,buy,891.552000,0.500000
8860752,1764332055873,buy,891.562000,0.550000
8860753,1764332057408,sell,891.554000,0.600000
8860754,1764332059088,buy,891.535000,0.640000
8860755,1764332059862,buy,891.600000,2.140000
8860756,1764332060901,sell,891.650000,1.880000
8860757,1764332065794,buy,891.637000,1.210000
8860758,1764332068957,buy,891.641000,1.640000
8860759,1764332073285,sell,891.641000,1.320000
8860760,1764332076819,sell,891.750000,0.730000
8860761,1764332078759,buy,891.750000,0.620000
8860762,1764332080423,buy,891.850000,1.610000
8860763,1764332084242,sell,891.786000,1.040000
8860764,1764332086523,sell,891.500000,0.220000
8860765,1764332088999,sell,891.550000,0.320000
8860766,1764332090723,sell,891.517000,0.790000
8860767,1764332094701,buy,891.517000,0.460000
8860768,1764332097360,buy,891.517000,0.600000
8860769,1764332100622,sell,891.500000,7.410000
8860770,1764332100835,sell,891.517000,0.430000
8860771,1764332101314,sell,891.500000,2.470000
8860772,1764332103058,buy,891.517000,0.520000
8860773,1764332103452,sell,891.500000,12.630000
8860774,1764332105661,sell,891.350000,0.940000
8860775,1764332107552,sell,891.300000,0.110000
8860776,1764332110002,buy,891.334000,0.820000
8860777,1764332113534,sell,891.334000,0.260000
8860778,1764332114842,sell,891.334000,0.690000
8860779,1764332118161,buy,891.334000,0.370000
8860780,1764332119873,buy,891.550000,0.260000
8860781,1764332119893,sell,891.500000,0.220000
8860782,1764332120041,buy,891.600000,2.520000
8860783,1764332121122,sell,891.650000,0.750000
8860784,1764332124815,buy,891.650000,0.610000
8860785,1764332127415,buy,891.610000,0.310000
8860786,1764332128717,sell,891.617000,0.850000
8860787,1764332132191,buy,891.611000,0.640000
8860788,1764332134692,sell,891.613000,0.560000
8860789,1764332136933,buy,891.550000,0.490000
8860790,1764332138848,buy,891.592000,1.140000
8860791,1764332143200,sell,891.570000,0.830000
8860792,1764332147058,sell,891.559000,0.980000
8860793,1764332151265,buy,891.541000,0.440000
8860794,1764332153282,buy,891.533000,0.550000
8860795,1764332155771,sell,891.532000,0.490000
8860796,1764332158014,buy,891.531000,0.500000
8860797,1764332160332,sell,891.528000,0.400000
8860798,1764332162364,buy,891.530000,0.820000
8860799,1764332166799,sell,891.450000,0.200000
8860800,1764332166893,buy,891.500000,2.480000
8860801,1764332167881,sell,891.450000,0.570000
8860802,1764332170895,buy,891.462000,0.550000
8860803,1764332173728,sell,891.458000,0.700000
8860804,1764332177223,buy,891.458000,0.610000
8860805,1764332180271,sell,891.458000,0.330000
8860806,1764332182087,sell,891.458000,0.560000
8860807,1764332185138,buy,891.458000,0.570000
8860808,1764332188924,sell,891.458000,0.560000
8860809,1764332192712,buy,891.458000,0.270000
8860810,1764332194661,sell,891.300000,0.470000
8860811,1764332194668,buy,891.300000,0.630000
8860812,1764332197794,sell,891.100000,7.230000
8860813,1764332198441,sell,891.100000,1.350000
8860814,1764332198863,sell,891.050000,0.560000
8860815,1764332200710,sell,890.900000,2.410000
8860816,1764332200817,sell,890.900000,4.820000
8860817,1764332201533,sell,890.900000,2.410000
8860818,1764332201981,buy,890.950000,0.450000
8860819,1764332202090,sell,890.900000,0.020000
8860820,1764332204264,sell,890.900000,12.990000
8860821,1764332204322,sell,890.750000,0.660000
8860822,1764332206799,sell,890.700000,0.730000
8860823,1764332208291,buy,890.650000,0.970000
8860824,1764332210342,sell,890.600000,0.040000
8860825,1764332211068,sell,890.450000,0.890000
8860826,1764332213441,buy,890.450000,1.350000
8860827,1764332216732,sell,890.450000,0.710000
8860828,1764332218037,buy,890.600000,1.120000
8860829,1764332218340,sell,890.650000,2.350000
8860830,1764332218703,buy,890.700000,2.470000
8860831,1764332218815,buy,890.700000,2.470000
8860832,1764332223056,buy,890.650000,0.910000
8860833,1764332224877,buy,890.650000,1.920000
8860834,1764332228667,sell,890.650000,1.540000
